Name	Formula	Monoisotopic mass
PC(38:1)	C46H90NO8P	854.6041123617
PA(44:0)	C47H93O8P	855.62451345431
PC(38:0)	C46H92NO8P	856.61976242624
