Name	Formula (w/o adduct)	Monoisotopic mass (M+K)
PC(36:4)	C44H80NO8PK	820.525862039
PC(36:3)	C44H82NO8PK	822.5415121035401
PC(36:2)	C44H84NO8PK	824.55716216808
SM(40:1);O2	C45H91N2O6PK	825.62518215777
PC(36:1)	C44H86NO8PK	826.57281223262
